threshold,recall_in_domain,precision_in_domain,f1_in_domain,false_reject_rate,false_accept_rate
0.05,0.9719859196245233,0.9343014239390949,0.9527711882682768,0.028014080375476678,0.07297212652677733
0.06,0.9715459078908771,0.9369165487977369,0.9539170506912442,0.02845409210912291,0.06984027560288131
0.07,0.9705192138457025,0.9384484470287903,0.9542144350710218,0.029480786154297448,0.06796116504854369
0.08,0.969492519800528,0.9398549694298308,0.9544437224749115,0.030507480199471988,0.06623864704040087
0.09,0.9691991786447639,0.9410424380518371,0.9549132947976878,0.030800821355236138,0.06482931412464767
0.1,0.9690525080668818,0.9422418710781517,0.9554591467823572,0.030947491933118215,0.06341998120889446
0.11,0.9686124963332355,0.9431590974007427,0.9557163531114327,0.031387503666764446,0.062323833385530845
0.12,0.9684658257553534,0.9436901529226811,0.9559174809989143,0.03153417424464652,0.061697463200751645
0.13,0.9680258140217073,0.9446114212108201,0.9561752988047809,0.031974185978292755,0.06060131537738803
0.14,0.9678791434438252,0.9451446576912059,0.956376811594203,0.03212085655617483,0.05997494519260883
0.15,0.967585802288061,0.9460777283808978,0.9567108984120078,0.032414197711938986,0.05887879736924522
0.16,0.9671457905544147,0.9463260619977037,0.956622660670245,0.03285420944558522,0.058565612276855625
0.17,0.9669991199765328,0.9467260195290064,0.9567551879262808,0.033000880023467294,0.05809583463827122
0.18,0.9669991199765328,0.9471340324665997,0.9569634951738153,0.033000880023467294,0.057626056999686814
0.19,0.9669991199765328,0.9482237882928233,0.9575194248783675,0.033000880023467294,0.05637331663012841
0.2,0.9665591082428865,0.948610911184684,0.9575009081002542,0.033440891757113525,0.055903538991544
0.21,0.9662657670871223,0.9492795389048991,0.9576973397296119,0.03373423291287768,0.055120576260569994
0.22,0.9661190965092402,0.9496828143021915,0.9578304493238331,0.033880903490759756,0.054650798621985595
0.23,0.9659724259313581,0.9502236329533977,0.9580333115135645,0.03402757406864183,0.05402442843720639
0.24,0.9653857436198299,0.9504693140794224,0.9578694608164158,0.034614256380170134,0.053711243344816785
0.25,0.9649457318861836,0.9504478474429355,0.9576419213973798,0.035054268113816366,0.053711243344816785
0.26,0.9647990613083015,0.9508528476438277,0.9577751892836343,0.03520093869169844,0.05324146570623239
0.27,0.9646523907304195,0.9509832272990167,0.9577690403378477,0.03534760926958052,0.053084873160037585
0.28,0.9645057201525374,0.9511136823835695,0.9577628896009321,0.0354942798474626,0.05292828061384278
0.29,0.9642123789967733,0.9517880411177067,0.9579599271402549,0.03578762100322675,0.052145317882868775
0.3,0.963772367263127,0.9521808433560354,0.9579415409286391,0.03622763273687298,0.05167554024428437
0.31,0.9634790261073629,0.9524430911990721,0.9579292745169524,0.036520973892637136,0.05136235515189477
0.32,0.9631856849515987,0.9527056434063542,0.9579170009481438,0.03681431504840129,0.05104917005950517
0.33,0.9628923437958345,0.9531068524970964,0.9579746096600029,0.037107656204165444,0.050579392420920764
0.34,0.9628923437958345,0.9532452446638594,0.9580445093031741,0.037107656204165444,0.05042279987472596
0.35,0.9625990026400704,0.9532316630355846,0.9578924323140917,0.0374009973599296,0.05042279987472596
0.36,0.9624523320621883,0.9536404592355763,0.958026133294401,0.037547667937811675,0.04995302223614156
0.37,0.9621589909064242,0.9539043187436382,0.9580138736765244,0.03784100909357583,0.049639837143751954
0.38,0.9617189791727779,0.9544395924308589,0.9580654587960258,0.03828102082722206,0.049013466958972754
0.39,0.9615723085948958,0.9548499854354792,0.9581993569131834,0.03842769140510414,0.04854368932038835
0.4,0.9615723085948958,0.9552673757831852,0.9584094729917404,0.03842769140510414,0.048073911681803944
0.41,0.9612789674391317,0.9556722076407116,0.9584673881251828,0.03872103256086829,0.047604134043219545
0.42,0.9612789674391317,0.9558115794079043,0.9585374771480802,0.03872103256086829,0.047447541497024744
0.43,0.9612789674391317,0.9560904449307075,0.9586776859504132,0.03872103256086829,0.04713435640463514
0.44,0.9609856262833676,0.9564963503649635,0.9587357330992098,0.039014373716632446,0.046664578766050735
0.45,0.9608389557054855,0.9566296728971962,0.958729694131421,0.03916104429451452,0.04650798621985593
0.46,0.9606922851276034,0.9570426651081239,0.9588640023422632,0.0393077148723966,0.04603820858127153
0.47,0.9605456145497213,0.9573161818447595,0.9589281792224906,0.03945438545027868,0.04572502348888193
0.48,0.9603989439718392,0.9578700994733762,0.9591328548410721,0.039601056028160754,0.045098653304102725
0.49,0.9602522733939571,0.9578639356254572,0.959056617593203,0.03974772660604283,0.045098653304102725
0.5,0.9599589322381931,0.9584126519256113,0.9591851689015901,0.04004106776180698,0.04447228311932352
0.51,0.9599589322381931,0.9586934231726967,0.9593257603517772,0.04004106776180698,0.04415909802693392
0.52,0.959812261660311,0.958968347010551,0.9593901187509162,0.040187738339689055,0.04384591293454432
0.53,0.9596655910824289,0.9591029023746702,0.9593841642228739,0.04033440891757113,0.043689320388349516
0.54,0.9595189205045468,0.9592375366568915,0.9593782079483796,0.04048107949545321,0.043532727842154714
0.55,0.9593722499266647,0.9593722499266647,0.9593722499266647,0.040627750073335286,0.04337613529595991
0.56,0.9593722499266647,0.9595129822502567,0.9594426109277595,0.040627750073335286,0.04321954274976511
0.57,0.9592255793487826,0.9597886703845024,0.9595070422535211,0.040774420651217363,0.04290635765737551
0.58,0.9590789087709005,0.9600646013801204,0.9595715019443832,0.04092109122909944,0.042593172564985904
0.59,0.9589322381930184,0.9604818569120024,0.9597064220183485,0.04106776180698152,0.042123394926401506
0.6,0.9587855676151364,0.9610408703322553,0.9599118942731278,0.041214432384863595,0.0414970247416223
0.61,0.9586388970372544,0.9611764705882353,0.9599060067557644,0.04136110296274567,0.0413404321954275
0.62,0.9584922264593723,0.9613121506325389,0.9599001175088132,0.04150777354062775,0.041183839649232695
0.63,0.9579055441478439,0.9614308847342853,0.959664976856954,0.04209445585215606,0.041027247103037894
0.64,0.9577588735699618,0.961566779561184,0.959659049158645,0.042241126430038134,0.04087065455684309
0.65,0.9574655324141977,0.9619805481874447,0.9597177300793884,0.04253446758580229,0.040400876918258694
0.66,0.9574655324141977,0.9621223286661754,0.9597882819966184,0.04253446758580229,0.04024428437206389
0.67,0.9571721912584336,0.9622530227071661,0.9597058823529412,0.04282780874156644,0.04008769182586909
0.68,0.9570255206805515,0.9625313468063136,0.9597705376185923,0.04297447931944852,0.03977450673347949
0.69,0.9570255206805515,0.9626733549719682,0.9598411297440423,0.04297447931944852,0.039617914187284685
0.7,0.9568788501026694,0.9626678471299985,0.9597646193453475,0.043121149897330596,0.039617914187284685
0.71,0.9568788501026694,0.9626678471299985,0.9597646193453475,0.043121149897330596,0.039617914187284685
0.72,0.9568788501026694,0.9628099173553719,0.9598352214212151,0.043121149897330596,0.03946132164108988
0.73,0.9565855089469053,0.9630832841110455,0.9598233995584989,0.04341449105309475,0.03914813654870028
0.74,0.9565855089469053,0.9635101196631704,0.9600353278869508,0.04341449105309475,0.03867835891011588
0.75,0.9565855089469053,0.9637948869513817,0.9601766654398234,0.04341449105309475,0.03836517381772628
0.76,0.9564388383690232,0.9637895359148685,0.9601001177856302,0.04356116163097683,0.03836517381772628
0.77,0.9564388383690232,0.9639320029563933,0.9601708017374659,0.04356116163097683,0.038208581271531476
0.78,0.9564388383690232,0.9640745121230041,0.9602414960977764,0.04356116163097683,0.038051988725336675
0.79,0.956145497213259,0.9644917887261429,0.960300508212418,0.04385450278674098,0.03758221108675227
0.8,0.9557054854796128,0.9647616227420788,0.9602122015915119,0.04429451452038721,0.037269025994362666
0.81,0.9555588149017307,0.9651851851851851,0.9603478773584905,0.04444118509826929,0.03679924835577827
0.82,0.9554121443238487,0.965609249925882,0.9604836331465645,0.04458785567615137,0.03632947071719386
0.83,0.9554121443238487,0.9658956109134045,0.9606252765078896,0.04458785567615137,0.03601628562480426
0.84,0.9552654737459666,0.9660338178582023,0.9606194690265486,0.044734526254033444,0.03585969307860946
0.85,0.9546787914344382,0.9664439495174462,0.9605253449420793,0.045321208565561745,0.03538991544002505
0.86,0.9545321208565561,0.9667260843731432,0.9605904059040591,0.04546787914344382,0.035076730347635456
0.87,0.9539454385450279,0.9669937555753791,0.9604252805670408,0.04605456145497213,0.03476354525524585
0.88,0.9537987679671458,0.9674204105920857,0.9605612998522894,0.04620123203285421,0.03429376761666145
0.89,0.9532120856556174,0.9675450349858568,0.9603250831178426,0.046787914344382515,0.034137175070466645
0.9,0.9527720739219713,0.968107302533532,0.9603784742755765,0.04722792607802875,0.03351080488568744
0.91,0.9521853916104429,0.968521557511562,0.9602840026625249,0.047814608389557055,0.03304102724710304
0.92,0.9515987092989147,0.9690814040328604,0.9602604898986161,0.04840129070108536,0.03241465706232383
0.93,0.9505720152537401,0.9699191858724933,0.9601481481481482,0.0494279847462599,0.03147510178515503
0.94,0.9498386623643297,0.9709145427286356,0.9602609727164888,0.05016133763567029,0.030378953961791418
0.95,0.9486652977412731,0.9720468890892696,0.9602137767220903,0.0513347022587269,0.02912621359223301
